Metric,Linear Regression,Random Forest
R2 Score,0.9978617349543972,0.1539688027157149
Mean Squared Error,832625.8039494345,329438769.64819574
